Produto,Guerra,Guerra Produto + Classificação,"Concat(Produto,Variedade,Classificação)"
Produto,Guerra,Guerra Produto + Classificação,Produto_Variedade_Classificação
ABACATE,4,4@443,ABACATE_FUCKS_BOCA_8_A_11
ABACATE,4,4@444,ABACATE_FUCKS_BOCA_12_A_15
ABACATE,5,5@928,ABACATE_GEADA_BOCA_08_A_11
ABACATE,5,5@444,ABACATE_GEADA_BOCA_12_A_15
ABACAXI,13,13@875,ABACAXI_HAVAÍ_08_FRUTOS
ABACAXI,13,13@289,ABACAXI_HAVAÍ_10_FRUTOS
ABACAXI,13,13@301,ABACAXI_HAVAÍ_12_FRUTOS
ABACAXI,14,14@875,ABACAXI_PÉROLA_08_FRUTOS
ABACAXI,14,14@289,ABACAXI_PÉROLA_10_FRUTOS
ABACAXI,14,14@301,ABACAXI_PÉROLA_12_FRUTOS
ACEROLA,16,16@,ACEROLA_N/A_N/A
AMEIXA,35,35@349,AMEIXA_FORTUNE_CALIBRE_4
AMEIXA,35,35@262,AMEIXA_FORTUNE_CALIBRE_3
AMEIXA,35,35@261,AMEIXA_FORTUNE_CALIBRE_2
AMEIXA,270,270@,AMEIXA_IMP._CHILE_N/A
AMEIXA,30,30@349,AMEIXA_LETÍCIA_CALIBRE_4
AMEIXA,30,30@262,AMEIXA_LETÍCIA_CALIBRE_3
AMEIXA,30,30@261,AMEIXA_LETÍCIA_CALIBRE_2
AMEIXA,32,32@349,AMEIXA_RUBI_MEL_CALIBRE_4
AMEIXA,32,32@262,AMEIXA_RUBI_MEL_CALIBRE_3
AMEIXA,32,32@261,AMEIXA_RUBI_MEL_CALIBRE_2
AMEIXA,36,36@,AMEIXA_SECA_IMP._N/A
AMORA,38,38@,AMORA_N/A_N/A
ATEMOIA,39,39@1269,ATEMOIA_N/A_05_A_08_FRUTOS
ATEMOIA,39,39@889,ATEMOIA_N/A_09_A_12_FRUTOS
ATEMOIA,39,39@39,ATEMOIA_N/A_13_A_18_FRUTOS
BANANA,42,42@241,BANANA_MAÇÃ_PRIMEIRA
BANANA,44,44@241,BANANA_NANICA_CLIMATIZADA_PRIMEIRA
BANANA,44,44@247,BANANA_NANICA_CLIMATIZADA_SEGUNDA
BANANA,45,45@241,BANANA_OURO_VERDE_PRIMEIRA
BANANA,48,48@241,BANANA_PRATA_MG_PRIMEIRA
BANANA,48,48@247,BANANA_PRATA_MG_SEGUNDA
BANANA,50,50@241,BANANA_PRATA_SP_PRIMEIRA
BANANA,50,50@247,BANANA_PRATA_SP_SEGUNDA
BANANA,51,51@241,BANANA_TERRA_PRIMEIRA
CAJU,53,53@877,CAJU_N/A_03_A_04_FRUTOS
CAJU,53,53@53,CAJU_N/A_05_A_06_FRUTOS
CAQUI,54,54@54,CAQUI_CHOCOLATE_30_A_32_FRUTOS
CAQUI,54,54@59,CAQUI_CHOCOLATE_36_A_42_FRUTOS
CAQUI,54,54@60,CAQUI_CHOCOLATE_60_A_64_FRUTAS
CAQUI,57,57@54,CAQUI_RAMA_FORTE_30_A_32_FRUTOS
CAQUI,57,57@59,CAQUI_RAMA_FORTE_36_A_42_FRUTOS
CAQUI,57,57@60,CAQUI_RAMA_FORTE_60_A_64_FRUTAS
CARAMBOLA,60,60@,CARAMBOLA_N/A_N/A
CEREJA,64,64@193,CEREJA_IMP._A
COCO VERDE,68,68@,COCO_VERDE_N/A_N/A
FEIJOA,71,71@,FEIJOA_N/A_N/A
FIGO,72,72@875,FIGO_N/A_08_FRUTOS
FIGO,72,72@289,FIGO_N/A_10_FRUTOS
FRAMBOESA,76,76@,FRAMBOESA_N/A_N/A
GOIABA,77,77@889,GOIABA_BRANCA_09_A_12_FRUTOS
GOIABA,77,77@313,GOIABA_BRANCA_15_FRUTOS
GOIABA,77,77@319,GOIABA_BRANCA_18_FRUTOS
GOIABA,78,78@889,GOIABA_VERMELHA_09_A_12_FRUTOS
GOIABA,78,78@313,GOIABA_VERMELHA_15_FRUTOS
GOIABA,78,78@319,GOIABA_VERMELHA_18_FRUTOS
GRANADILLA,79,79@,GRANADILLA_IMP._COLÔMBIA_N/A
GRAVIOLA,81,81@,GRAVIOLA_N/A_N/A
JABUTICABA,84,84@1038,JABUTICABA_N/A_CXT_1_KG
JACA,85,85@,JACA_N/A_N/A
KINO,88,88@,KINO_N/A_N/A
KIWI,267,267@267,KIWI_IMP._CHILE_60_A_80_FRUTOS
KIWI,89,89@267,KIWI_IMP._ITÁLIA_60_A_80_FRUTOS
LARANJA,94,94@876,LARANJA_BAIA_02_A_03_DZ
LARANJA,94,94@878,LARANJA_BAIA_04_A_05_DZ
LARANJA,94,94@882,LARANJA_BAIA_06_A_07_DZ
LARANJA,93,93@,LARANJA_BAIA_IMP._N/A
LARANJA,95,95@888,LARANJA_LIMA_09_A_12_DZ
LARANJA,95,95@898,LARANJA_LIMA_13_A_15_DZ
LARANJA,95,95@904,LARANJA_LIMA_16_A_21_DZ
LARANJA,96,96@888,LARANJA_PERA_09_A_12_DZ
LARANJA,96,96@898,LARANJA_PERA_13_A_15_DZ
LARANJA,96,96@904,LARANJA_PERA_16_A_21_DZ
LARANJA,97,97@894,LARANJA_SELETA_11_A_12_DZ
LARANJA,97,97@898,LARANJA_SELETA_13_A_15_DZ
LARANJA,97,97@904,LARANJA_SELETA_16_A_21_DZ
LARANJA,98,98@37,LARANJA_VALÊNCIA_A_(10/13_DZ)
LARANJA,98,98@43,LARANJA_VALÊNCIA_B_(14/15_DZ)
LARANJA,98,98@49,LARANJA_VALÊNCIA_C_(18/21_DZ)
LIMA-DA-PÉRSIA,101,101@61,LIMA-DA-PÉRSIA_N/A_A_(09/10_DZ)
LIMA-DA-PÉRSIA,101,101@67,LIMA-DA-PÉRSIA_N/A_B_(13/15_DZ)
LIMA-DA-PÉRSIA,101,101@73,LIMA-DA-PÉRSIA_N/A_C_(18/24_DZ)
LIMÃO,105,105@,LIMÃO_SICILIANO_N/A
LIMÃO,102,102@,LIMÃO_SICILIANO_IMP._N/A
LIMÃO,106,106@901,LIMÃO_TAITI_15_A_18_DZ
LIMÃO,106,106@910,LIMÃO_TAITI_21_A_27_DZ
LIMÃO,106,106@1057,LIMÃO_TAITI_ACIMA_DE_31_DZ
MAÇÃ,114,114@,MAÇÃ_EVA_N/A
MAÇÃ,116,116@116,MAÇÃ_FUJI_80_A_100_FRUTOS
MAÇÃ,116,116@117,MAÇÃ_FUJI_110_A_135_FRUTOS
MAÇÃ,116,116@118,MAÇÃ_FUJI_150_A_180_FRUTOS
MAÇÃ,158,158@107,MAÇÃ_FUJI_IMP._80_A_110_FRUTOS
MAÇÃ,158,158@165,MAÇÃ_FUJI_IMP._120_A_150_FRUTOS
MAÇÃ,117,117@116,MAÇÃ_GALA_80_A_100_FRUTOS
MAÇÃ,117,117@117,MAÇÃ_GALA_110_A_135_FRUTOS
MAÇÃ,117,117@118,MAÇÃ_GALA_150_A_180_FRUTOS
MAÇÃ,108,108@107,MAÇÃ_GALA_IMP._80_A_110_FRUTOS
MAÇÃ,108,108@165,MAÇÃ_GALA_IMP._120_A_150_FRUTOS
MAÇÃ,109,109@107,MAÇÃ_GOLDEN_IMP._80_A_110_FRUTOS
MAÇÃ,109,109@165,MAÇÃ_GOLDEN_IMP._120_A_150_FRUTOS
MAÇÃ,110,110@107,MAÇÃ_GRANNY_SMITH_IMP._80_A_110_FRUTOS
MAÇÃ,110,110@165,MAÇÃ_GRANNY_SMITH_IMP._120_A_150_FRUTOS
MAÇÃ,111,111@107,MAÇÃ_RED_IMP._80_A_110_FRUTOS
MAÇÃ,111,111@165,MAÇÃ_RED_IMP._120_A_150_FRUTOS
MAMÃO,121,121@881,MAMÃO_FORMOSA_05_A_09_FRUTOS
MAMÃO,121,121@893929,MAMÃO_FORMOSA_10_A_16_FRUTOS
MAMÃO,120,120@301,MAMÃO_HAVAÍ_12_FRUTOS
MAMÃO,120,120@119,MAMÃO_HAVAÍ_15__A_18_FRUTOS
MAMÃO,120,120@325,MAMÃO_HAVAÍ_21_FRUTOS
MAMÃO,120,120@861,MAMÃO_HAVAÍ_24/28_FRUTOS
MANGA,126,126@126,MANGA_HADEM_08_A_10_FRUTOS
MANGA,126,126@301,MANGA_HADEM_12_FRUTOS
MANGA,126,126@899,MANGA_HADEM_13_A_15_FRUTOS
MANGA,126,126@319,MANGA_HADEM_18_FRUTOS
MANGA,129,129@126,MANGA_PALMER_08_A_10_FRUTOS
MANGA,129,129@301,MANGA_PALMER_12_FRUTOS
MANGA,129,129@899,MANGA_PALMER_13_A_15_FRUTOS
MANGA,129,129@319,MANGA_PALMER_18_FRUTOS
MANGA,130,130@193,MANGA_ROSA_A
MANGA,131,131@126,MANGA_TOMMY_ATCKINS_08_A_10_FRUTOS
MANGA,131,131@301,MANGA_TOMMY_ATCKINS_12_FRUTOS
MANGA,131,131@899,MANGA_TOMMY_ATCKINS_13_A_15_FRUTOS
MANGA,131,131@319,MANGA_TOMMY_ATCKINS_18_FRUTOS
MARACUJÁ,135,135@969,MARACUJÁ_AZEDO_SUPER
MARACUJÁ,135,135@919,MARACUJÁ_AZEDO_4A
MARACUJÁ,135,135@874,MARACUJÁ_AZEDO_3A
MARACUJÁ,136,136@879,MARACUJÁ_DOCE_04_A_06_FRUTOS
MARACUJÁ,136,136@883,MARACUJÁ_DOCE_07_A_09_FRUTOS
MARACUJÁ,136,136@892,MARACUJÁ_DOCE_10_A_15_FRUTOS
MELANCIA,139,139@137,MELANCIA_N/A_GRAÚDA_(MAIOR_QUE_10_KG)
MELANCIA,139,139@138,MELANCIA_N/A_MÉDIA_(_DE_7_A_10_KG)
MELANCIA,139,139@136,MELANCIA_N/A_MIÚDA_(MENOR_QUE_7_KG)
MELANCIA,247,247@,MELANCIA_BABY_N/A
MELÃO,140,140@140,MELÃO_AMARELO_05_A_07_FRUTOS
MELÃO,140,140@141,MELÃO_AMARELO_08_A_09_FRUTOS
MELÃO,140,140@891,MELÃO_AMARELO_10_A_12_FRUTOS
MELÃO,140,140@142,MELÃO_AMARELO_ACIMA_DE_13_FRUTOS
MELÃO,142,142@,MELÃO_GÁLIA_N/A
MELÃO,144,144@877,MELÃO_ORANGE_03_A_04_FRUTOS
MELÃO,144,144@53,MELÃO_ORANGE_05_A_06_FRUTOS
MELÃO,144,144@144,MELÃO_ORANGE_07_A_08_FRUTOS
MELÃO,145,145@146,MELÃO_PELE_DE_SAPO_06_A_08_FRUTOS
MELÃO,145,145@141,MELÃO_PELE_DE_SAPO_08_A_09_FRUTOS
MELÃO,145,145@891,MELÃO_PELE_DE_SAPO_10_A_12_FRUTOS
MEXERICA,147,147@878,MEXERICA_RIO_04_A_05_DZ
MEXERICA,147,147@882,MEXERICA_RIO_06_A_07_DZ
MEXERICA,147,147@885,MEXERICA_RIO_08_A_09_DZ
MIRTILO,148,148@,MIRTILO_N/A_N/A
MORANGO,151,151@397,MORANGO_CAMINO_REAL_4_CUMB/2_CAM
MORANGO,151,151@403,MORANGO_CAMINO_REAL_4_CUMB/_1_CAM
MORANGO,149,149@397,MORANGO_COMUM_4_CUMB/2_CAM
NECTARINA,268,268@269,NECTARINA_IMP._ARGENTINA_48_A_56_FRUTOS
NECTARINA,269,269@269,NECTARINA_IMP._CHILE_48_A_56_FRUTOS
PERA,165,165@107,PERA_DANJOU_IMP._80_A_110_FRUTOS
PERA,165,165@165,PERA_DANJOU_IMP._120_A_150_FRUTOS
PERA,254,254@,PERA_ERCOLINI_IMP._N/A
PERA,253,253@,PERA_FORELLI_IMP._N/A
PERA,166,166@,PERA_HOSUI_IMP._N/A
PERA,168,168@168,PERA_ROCHA_IMP._50_A_60_FRUTOS
PERA,168,168@925,PERA_ROCHA_IMP._A_GRANEL
PERA,170,170@116,PERA_WILLIAMS_IMP._80_A_100_FRUTOS
PERA,170,170@165,PERA_WILLIAMS_IMP._120_A_150_FRUTOS
PÊSSEGO,179,179@349,PÊSSEGO_ERAGIL_CALIBRE_4
PÊSSEGO,179,179@262,PÊSSEGO_ERAGIL_CALIBRE_3
PÊSSEGO,179,179@261,PÊSSEGO_ERAGIL_CALIBRE_2
PÊSSEGO,182,182@269,PÊSSEGO_IMP._48_A_56_FRUTOS
PÊSSEGO,159,159@269,PÊSSEGO_IMP._ARGENTINA_48_A_56_FRUTOS
PÊSSEGO,160,160@269,PÊSSEGO_IMP._CHILE_48_A_56_FRUTOS
PHYSALIS,207,207@,PHYSALIS_N/A_N/A
PINHA,208,208@883,PINHA_N/A_07_A_09_FRUTOS
PINHA,208,208@891,PINHA_N/A_10_A_12_FRUTOS
PINHA,208,208@899,PINHA_N/A_13_A_15_FRUTOS
PITAIA,209,209@,PITAIA_N/A_N/A
ROMÃ,215,215@,ROMÃ_N/A_N/A
SERIGUELA,217,217@,SERIGUELA_N/A_N/A
TÂMARA,218,218@,TÂMARA_IMP._N/A
TAMARILLO,219,219@,TAMARILLO_N/A_N/A
TANGERINA,223,223@1069,TANGERINA_MURCOTE_03_A_04_DZ
TANGERINA,223,223@1075,TANGERINA_MURCOTE_05_A_06_DZ
TANGERINA,223,223@886,TANGERINA_MURCOTE_08_A_10_DZ
UVA,255,255@,UVA_ARRA_15_N/A
UVA,242,242@193,UVA_BENITAKA_A
UVA,232,232@193,UVA_BRASIL_A
UVA,227,227@193,UVA_CLARA_SEM_SEMENTE_A
UVA,227,227@199,UVA_CLARA_SEM_SEMENTE_B
UVA,233,233@193,UVA_CRIMSON_A
UVA,233,233@199,UVA_CRIMSON_B
UVA,256,256@,UVA_ISIS_N/A
UVA,243,243@193,UVA_ITÁLIA_A
UVA,274,274@,UVA_MELODIA_N/A
UVA,235,235@,UVA_MOSCATO_N/A
UVA,236,236@193,UVA_NIÁGARA_A
UVA,236,236@199,UVA_NIÁGARA_B
UVA,245,245@,UVA_PASSA_SECA_IMP._N/A
UVA,257,257@,UVA_PRETA_COM_SEMENTE_N/A
UVA,244,244@193,UVA_RED_GLOBE_A
UVA,244,244@199,UVA_RED_GLOBE_B
UVA,240,240@193,UVA_THOMPSON_A
UVA,240,240@199,UVA_THOMPSON_B
UVA,237,237@193,UVA_VITÓRIA_A
UVA,237,237@199,UVA_VITÓRIA_B
ABÓBORA,400,400@,ABÓBORA_DÁGUA_N/A
ABÓBORA,401,401@,ABÓBORA_JAPONESA_N/A
ABÓBORA,402,402@,ABÓBORA_MORANGA_N/A
ABÓBORA,403,403@,ABÓBORA_PAULISTA_N/A
ABÓBORA,404,404@,ABÓBORA_SECA_N/A
ABOBRINHA,405,405@874,ABOBRINHA_BRASILEIRA_3A
ABOBRINHA,405,405@873,ABOBRINHA_BRASILEIRA_2A
ABOBRINHA,405,405@872,ABOBRINHA_BRASILEIRA_1A
ABOBRINHA,406,406@874,ABOBRINHA_ITALIANA_3A
ABOBRINHA,406,406@873,ABOBRINHA_ITALIANA_2A
ABOBRINHA,406,406@872,ABOBRINHA_ITALIANA_1A
BATATA-DOCE,409,409@873,BATATA-DOCE_BRANCA_2A
BATATA-DOCE,409,409@872,BATATA-DOCE_BRANCA_1A
BATATA-DOCE,409,409@1014,BATATA-DOCE_BRANCA_G
BATATA-DOCE,410,410@873,BATATA-DOCE_ROSADA_2A
BATATA-DOCE,410,410@872,BATATA-DOCE_ROSADA_1A
BATATA-DOCE,410,410@1014,BATATA-DOCE_ROSADA_G
BATATA-DOCE,411,411@873,BATATA-DOCE_ROXA_2A
BATATA-DOCE,411,411@872,BATATA-DOCE_ROXA_1A
BATATA-DOCE,411,411@1014,BATATA-DOCE_ROXA_G
BERINJELA,413,413@874,BERINJELA_COMUM_3A
BERINJELA,413,413@873,BERINJELA_COMUM_2A
BERINJELA,413,413@872,BERINJELA_COMUM_1A
BERINJELA,415,415@874,BERINJELA_JAPONESA_3A
BERINJELA,415,415@873,BERINJELA_JAPONESA_2A
BERINJELA,415,415@872,BERINJELA_JAPONESA_1A
BERINJELA,414,414@1017,BERINJELA_PARA_CONSERVA_P
BERINJELA,414,414@1018,BERINJELA_PARA_CONSERVA_M
BETERRABA,416,416@121,BETERRABA_N/A_ESPECIAL
BETERRABA,416,416@874,BETERRABA_N/A_3A
BETERRABA,416,416@873,BETERRABA_N/A_2A
BETERRABA,416,416@1014,BETERRABA_N/A_G
CARÁ,418,418@873,CARÁ_N/A_2A
CARÁ,418,418@1014,CARÁ_N/A_G
CENOURA,420,420@121,CENOURA_N/A_ESPECIAL
CENOURA,420,420@874,CENOURA_N/A_3A
CENOURA,420,420@873,CENOURA_N/A_2A
CENOURA,420,420@1014,CENOURA_N/A_G
CHUCHU,422,422@874,CHUCHU_N/A_3A
CHUCHU,422,422@873,CHUCHU_N/A_2A
CHUCHU,422,422@872,CHUCHU_N/A_1A
ERVILHA,432,432@874,ERVILHA_TORTA_3A
ERVILHA,432,432@873,ERVILHA_TORTA_2A
ERVILHA,432,432@872,ERVILHA_TORTA_1A
GENGIBRE,436,436@193,GENGIBRE_N/A_A
INHAME,437,437@874,INHAME_N/A_3A
INHAME,437,437@873,INHAME_N/A_2A
INHAME,437,437@872,INHAME_N/A_1A
JILÓ,438,438@874,JILÓ_N/A_3A
JILÓ,438,438@873,JILÓ_N/A_2A
JILÓ,438,438@872,JILÓ_N/A_1A
MANDIOCA,440,440@163,MANDIOCA_N/A_GRAÚDA
MANDIOCA,440,440@169,MANDIOCA_N/A_MÉDIA
MANDIOCA,440,440@175,MANDIOCA_N/A_MIÚDA
MANDIOQUINHA,441,441@121,MANDIOQUINHA_N/A_ESPECIAL
MANDIOQUINHA,441,441@874,MANDIOQUINHA_N/A_3A
MANDIOQUINHA,441,441@873,MANDIOQUINHA_N/A_2A
MANDIOQUINHA,441,441@872,MANDIOQUINHA_N/A_1A
MAXIXE,442,442@,MAXIXE_N/A_N/A
NIGAGORI,443,443@,NIGAGORI_N/A_N/A
PEPINO,445,445@874,PEPINO_CAIPIRA_3A
PEPINO,445,445@873,PEPINO_CAIPIRA_2A
PEPINO,445,445@872,PEPINO_CAIPIRA_1A
PEPINO,446,446@874,PEPINO_COMUM_3A
PEPINO,446,446@873,PEPINO_COMUM_2A
PEPINO,446,446@872,PEPINO_COMUM_1A
PEPINO,448,448@874,PEPINO_JAPONÊS_3A
PEPINO,448,448@873,PEPINO_JAPONÊS_2A
PEPINO,448,448@872,PEPINO_JAPONÊS_1A
PEPINO,447,447@874,PEPINO_PARA_CONSERVA_3A
PIMENTA,449,449@873,PIMENTA_CAMBUCI_2A
PIMENTA,449,449@872,PIMENTA_CAMBUCI_1A
PIMENTA,477,477@,PIMENTA_DEDO_DE_MOÇA_N/A
PIMENTA,478,478@,PIMENTA_MALAGUETA/MALAGUETÃO_N/A
PIMENTA,451,451@874,PIMENTA_VERDE_AMERICANA_3A
PIMENTA,451,451@873,PIMENTA_VERDE_AMERICANA_2A
PIMENTA,451,451@872,PIMENTA_VERDE_AMERICANA_1A
PIMENTÃO,453,453@874,PIMENTÃO_AMARELO_3A
PIMENTÃO,453,453@873,PIMENTÃO_AMARELO_2A
PIMENTÃO,453,453@872,PIMENTÃO_AMARELO_1A
PIMENTÃO,454,454@874,PIMENTÃO_VERDE_3A
PIMENTÃO,454,454@873,PIMENTÃO_VERDE_2A
PIMENTÃO,454,454@872,PIMENTÃO_VERDE_1A
PIMENTÃO,455,455@874,PIMENTÃO_VERMELHO_3A
PIMENTÃO,455,455@873,PIMENTÃO_VERMELHO_2A
PIMENTÃO,455,455@872,PIMENTÃO_VERMELHO_1A
QUIABO,456,456@874,QUIABO_N/A_3A
QUIABO,456,456@873,QUIABO_N/A_2A
QUIABO,456,456@872,QUIABO_N/A_1A
TOMATE,458,458@994,TOMATE_CAQUI_TIPO_4/7
TOMATE,458,458@1076,TOMATE_CAQUI_TIPO_8/11
TOMATE,472,472@874,TOMATE_CARMEM_3A
TOMATE,472,472@873,TOMATE_CARMEM_2A
TOMATE,472,472@872,TOMATE_CARMEM_1A
TOMATE,459,459@,TOMATE_CEREJA_N/A
TOMATE,471,471@874,TOMATE_DÉBORA_3A
TOMATE,471,471@873,TOMATE_DÉBORA_2A
TOMATE,471,471@872,TOMATE_DÉBORA_1A
TOMATE,474,474@874,TOMATE_HOLANDÊS_3A
TOMATE,474,474@873,TOMATE_HOLANDÊS_2A
TOMATE,474,474@872,TOMATE_HOLANDÊS_1A
TOMATE,473,473@874,TOMATE_PIZZADORO_3A
TOMATE,473,473@873,TOMATE_PIZZADORO_2A
TOMATE,473,473@872,TOMATE_PIZZADORO_1A
TOMATE,467,467@,TOMATE_SWEET_GRAPE_N/A
VAGEM,462,462@874,VAGEM_MACARRÃO_3A
VAGEM,462,462@873,VAGEM_MACARRÃO_2A
VAGEM,462,462@872,VAGEM_MACARRÃO_1A
VAGEM,463,463@874,VAGEM_MANTEIGA_3A
VAGEM,463,463@873,VAGEM_MANTEIGA_2A
VAGEM,463,463@872,VAGEM_MANTEIGA_1A
VAGEM,464,464@874,VAGEM_METRO_3A
VAGEM,464,464@873,VAGEM_METRO_2A
YACON,412,412@874,YACON_N/A_3A
YACON,412,412@873,YACON_N/A_2A
ACELGA,600,600@600,ACELGA_N/A_08_CABEÇAS
ACELGA,601,601@,ACELGA_CHINESA_N/A
AGRIÃO,602,602@631,AGRIÃO_COMUM_20_MAÇOS
AGRIÃO,603,603@603,AGRIÃO_HIDROPÔNICO_15_MAÇOS
ALECRIM,604,604@,ALECRIM_N/A_N/A
ALFACE,605,605@1013,ALFACE_AMERICANA_12_UNIDADES
ALFACE,606,606@1015,ALFACE_CRESPA_18_UNIDADES
ALFACE,607,607@957,ALFACE_CRESPA_HIDROPÔNICA_20_UNIDADES
ALFACE,608,608@1015,ALFACE_LISA_18_UNIDADES
ALFACE,608,608@1016,ALFACE_LISA_24_UNIDADES
ALFACE,609,609@957,ALFACE_LISA_HIDROPÔNICA_20_UNIDADES
ALFACE,610,610@1015,ALFACE_MIMOSA_18_UNIDADES
ALFACE,610,610@1016,ALFACE_MIMOSA_24_UNIDADES
ALFACE,611,611@957,ALFACE_MIMOSA_HIDROPÔNICA_20_UNIDADES
ALFACE,612,612@1016,ALFACE_ROMANA_24_UNIDADES
ALFAVACA,613,613@,ALFAVACA_N/A_N/A
ALHO-PORRO,614,614@1082,ALHO-PORRO_N/A_TIPO_A_4_MAÇOS
ALHO-PORRO,614,614@1083,ALHO-PORRO_N/A_TIPO_B_4_MAÇOS
ALMEIRÃO,615,615@1013,ALMEIRÃO_COMUM_12_UNIDADES
ALMEIRÃO,671,671@,ALMEIRÃO_HIDROPÔNICO_N/A
ALMEIRÃO,616,616@1013,ALMEIRÃO_PÃO_DE_AÇÚCAR_12_UNIDADES
ASPARGO,618,618@,ASPARGO_N/A_N/A
BETERRABA COM FOLHAS,619,619@619,BETERRABA_COM_FOLHAS_N/A_08_MAÇOS
BRÓCOLOS,621,621@600,BRÓCOLOS_NINJA_08_CABEÇAS
BRÓCOLOS,622,622@616,BRÓCOLOS_RAMOSO_12_MAÇOS
BROTO DE ALFAFA,623,623@,BROTO_DE_ALFAFA_N/A_N/A
CAPIM-CIDREIRA,667,667@,CAPIM-CIDREIRA_N/A_N/A
CATALONHA,624,624@616,CATALONHA_N/A_12_MAÇOS
CEBOLETE,625,625@,CEBOLETE_N/A_N/A
CEBOLINHA,626,626@1096,CEBOLINHA_N/A_TIPO_A_10_MAÇOS
CEBOLINHA,626,626@1097,CEBOLINHA_N/A_TIPO_B_10_MAÇOS
CHICÓRIA,629,629@1015,CHICÓRIA_N/A_18_UNIDADES
COENTRO,630,630@1086,COENTRO_N/A_TIPO_A_20_MAÇOS
COENTRO,630,630@1087,COENTRO_N/A_TIPO_B_20_MAÇOS
COGUMELO,423,423@,COGUMELO_ERYNGUI_N/A
COGUMELO,424,424@,COGUMELO_HIRATAKE_N/A
COGUMELO,427,427@,COGUMELO_PARIS_N/A
COGUMELO,428,428@,COGUMELO_PORTOBELO_N/A
COGUMELO,429,429@,COGUMELO_SHIMEJI_N/A
COGUMELO,430,430@,COGUMELO_SHITAKE_N/A
COUVE,632,632@923,COUVE_MANTEIGA_A_(24_MÇS)
COUVE,632,632@926,COUVE_MANTEIGA_B_(24_MÇS)
COUVE-DE-BRUXELAS,631,631@,COUVE-DE-BRUXELAS_N/A_N/A
COUVE-FLOR,633,633@600,COUVE-FLOR_N/A_08_CABEÇAS
COUVE-FLOR,633,633@897,COUVE-FLOR_N/A_12_CABEÇAS
ENDÍVIA,634,634@,ENDÍVIA_N/A_N/A
ENDRO,635,635@,ENDRO_N/A_N/A
ERVA-DOCE,637,637@1090,ERVA-DOCE_N/A_TIPO_A_12_CABEÇAS
ERVA-DOCE,637,637@1091,ERVA-DOCE_N/A_TIPO_B_12_CABEÇAS
ESCAROLA,636,636@1015,ESCAROLA_COMUM_18_UNIDADES
ESCAROLA,636,636@1016,ESCAROLA_COMUM_24_UNIDADES
ESPINAFRE,638,638@1013,ESPINAFRE_N/A_12_UNIDADES
ESPINAFRE,638,638@638,ESPINAFRE_N/A_15_UNIDADES
ESPINAFRE,620,620@,ESPINAFRE_HIDROPÔNICO_N/A
ESTRAGÃO,639,639@,ESTRAGÃO_N/A_N/A
GENGIBRE COM FOLHAS,641,641@662,GENGIBRE_COM_FOLHAS_N/A_06_MAÇOS
GOBÔ,642,642@,GOBÔ_N/A_N/A
HORTELÃ,644,644@1031,HORTELÃ_N/A_MAÇO_A
LOURO,645,645@,LOURO_N/A_N/A
MANJERICÃO,646,646@,MANJERICÃO_N/A_N/A
MANJERONA,647,647@,MANJERONA_N/A_N/A
MILHO VERDE,648,648@193,MILHO_VERDE_N/A_A
MILHO VERDE,648,648@199,MILHO_VERDE_N/A_B
MILHO VERDE,648,648@1098,MILHO_VERDE_N/A_BANDEJA
MOSTARDA,650,650@616,MOSTARDA_COMUM_12_MAÇOS
MOSTARDA,670,670@1015,MOSTARDA_HIDROPÔNICA_18_UNIDADES
MOYASHI,651,651@,MOYASHI_N/A_N/A
NABO,652,652@993,NABO_N/A_TIPO_4_(MÇS_COM_6)
NABO,652,652@997,NABO_N/A_TIPO_6_(MÇS_COM_6)
ORÉGANO,653,653@,ORÉGANO_N/A_N/A
PALMITO,655,655@,PALMITO_N/A_N/A
RABANETE,656,656@1086,RABANETE_N/A_TIPO_A_20_MAÇOS
RABANETE,656,656@1093,RABANETE_N/A_TIPO_B_24_MAÇOS
RADICCHIO,657,657@,RADICCHIO_N/A_N/A
REPOLHO,659,659@1268,REPOLHO_LISO_12/14_CABEÇAS
REPOLHO,658,658@1268,REPOLHO_ROXO_12/14_CABEÇAS
RÚCULA,661,661@,RÚCULA_HIDROPÔNICA_N/A
SALSA,662,662@662,SALSA_N/A_06_MAÇOS
SALSÃO,663,663@1090,SALSÃO_BRANCO/VERDE_TIPO_A_12_CABEÇAS
SALSÃO,663,663@1091,SALSÃO_BRANCO/VERDE_TIPO_B_12_CABEÇAS
SÁLVIA,665,665@,SÁLVIA_N/A_N/A
TOMILHO,666,666@,TOMILHO_N/A_N/A
ALHO,816,816@,ALHO_DESCASCADO_N/A
ALHO,801,801@439,ALHO_IMP._ARGENTINA_TIPO_7
ALHO,801,801@438,ALHO_IMP._ARGENTINA_TIPO_6
ALHO,801,801@437,ALHO_IMP._ARGENTINA_TIPO_5
ALHO,808,808@848,ALHO_NACIONAL_TIPO_8
ALHO,808,808@439,ALHO_NACIONAL_TIPO_7
ALHO,808,808@438,ALHO_NACIONAL_TIPO_6
ALHO,808,808@437,ALHO_NACIONAL_TIPO_5
AMENDOIM,809,809@,AMENDOIM_COM_PELE_N/A
AMENDOIM,810,810@,AMENDOIM_SEM_PELE_N/A
BATATA,846,846@,BATATA_ASTERIX_N/A
BATATA,847,847@847,BATATA_ESCOVADA_NOIVA
BATATA,847,847@121,BATATA_ESCOVADA_ESPECIAL
BATATA,848,848@847,BATATA_LAVADA_NOIVA
BATATA,848,848@121,BATATA_LAVADA_ESPECIAL
BATATA,848,848@4,BATATA_LAVADA_2A._BOLINHA
BATATA,848,848@2,BATATA_LAVADA_FLORÃO
BATATA,848,848@5,BATATA_LAVADA_1A._ESPECIALZINHA
BATATA,848,848@3,BATATA_LAVADA_BONECA
CEBOLA,818,818@1028,CEBOLA_IMP._ARGENTINA_CAIXA_4
CEBOLA,820,820@1027,CEBOLA_NACIONAL_CAIXA_3
CEBOLA,820,820@1028,CEBOLA_NACIONAL_CAIXA_4
CEBOLA,820,820@1029,CEBOLA_NACIONAL_CAIXA_2
CEBOLA,843,843@1027,CEBOLA_ROXA_CAIXA_3
CEBOLA,843,843@1028,CEBOLA_ROXA_CAIXA_4
CEBOLA,843,843@1029,CEBOLA_ROXA_CAIXA_2
COCO SECO,831,831@,COCO_SECO_N/A_N/A
OVOS,834,834@200,OVOS_BRANCOS_JUMBO
OVOS,834,834@115,OVOS_BRANCOS_EXTRA
OVOS,834,834@157,OVOS_BRANCOS_GRANDE
OVOS,834,834@187,OVOS_BRANCOS_PEQUENO
OVOS,844,844@115,OVOS_BRANCOS_EMBALADOS_EXTRA
OVOS,844,844@157,OVOS_BRANCOS_EMBALADOS_GRANDE
OVOS,835,835@,OVOS_CODORNA_N/A
OVOS,836,836@115,OVOS_VERMELHOS_EXTRA
ALSTROMÉRIA,906,906@,ALSTROMÉRIA_N/A_N/A
ANGÉLICA,903,903@,ANGÉLICA_N/A_N/A
ANTÚRIO,904,904@,ANTÚRIO_VASO_N/A
AVENCA,924,924@,AVENCA_N/A_N/A
AZALÉA,907,907@,AZALÉA_N/A_N/A
BEGÔNIA,985,985@,BEGÔNIA_N/A_N/A
BICO-DE-PAPAGAIO,908,908@,BICO-DE-PAPAGAIO_N/A_N/A
BOCA-DE-LEÃO,909,909@,BOCA-DE-LEÃO_N/A_N/A
BROMÉLIA,984,984@,BROMÉLIA_N/A_N/A
CRAVINA,915,915@,CRAVINA_N/A_N/A
CRAVO,917,917@,CRAVO_COMUM_N/A
CRISÂNTEMO,919,919@,CRISÂNTEMO_PCT_N/A
CRISÂNTEMO,930,930@,CRISÂNTEMO_POLARES_B._BELGA_VS_N/A
CRISÂNTEMO,920,920@,CRISÂNTEMO_VASO_N/A
CRISTA-DE-GALO,931,931@,CRISTA-DE-GALO_N/A_N/A
DÁLIA,933,933@,DÁLIA_MÇ_N/A
DRACENA,935,935@,DRACENA_N/A_N/A
ESTRELÍCIA,983,983@211,ESTRELÍCIA_N/A_CABO_LONGO
EUCALIPTO,941,941@,EUCALIPTO_SIMÉRIA_N/A
FLOR DE ASPARGO,901,901@,FLOR_DE_ASPARGO_N/A_N/A
FLOR DE TRIGO,943,943@,FLOR_DE_TRIGO_N/A_N/A
GÉRBERA,947,947@,GÉRBERA_PCT_N/A
GIRASSOL,948,948@,GIRASSOL_N/A_N/A
GRAMA,952,952@,GRAMA_N/A_N/A
GYPSÓFILA,953,953@,GYPSÓFILA_N/A_N/A
HELICÔNIA,936,936@,HELICÔNIA_N/A_N/A
HORTÊNSIA,991,991@,HORTÊNSIA_MAÇO_N/A
KALANCHOE,956,956@,KALANCHOE_N/A_N/A
LÍRIO,957,957@,LÍRIO_PCT_N/A
LISIANTHUS,989,989@211,LISIANTHUS_N/A_CABO_LONGO
LISIANTHUS,989,989@217,LISIANTHUS_N/A_CABO_MÉDIO
MINI ROSA,998,998@,MINI_ROSA_N/A_N/A
MOREIA,988,988@,MOREIA_N/A_N/A
ORQUÍDEA,967,967@,ORQUÍDEA_VS_N/A
PALMEIRA,1007,1007@,PALMEIRA_PCT_N/A
PRÍMULA,971,971@,PRÍMULA_N/A_N/A
RAINHA MARGARIDA (ASTER),972,972@,RAINHA_MARGARIDA_(ASTER)_N/A_N/A
ROSA,974,974@211,ROSA_N/A_CABO_LONGO
ROSA,974,974@217,ROSA_N/A_CABO_MÉDIO
ROSA,974,974@223,ROSA_N/A_CABO_CURTO
ROSA SPRAY,1005,1005@,ROSA_SPRAY_N/A_N/A
SUCULENTA,1004,1004@,SUCULENTA_N/A_N/A
TANGO,992,992@,TANGO_N/A_N/A
TUIA,1010,1010@,TUIA_PCT_N/A
VIOLETA,980,980@,VIOLETA_15_VS_N/A
BETARA,1117,1117@,BETARA_N/A_N/A
CAMARÃO,1137,1137@1014,CAMARÃO_CATIVEIRO_G
CAMARÃO,1137,1137@1018,CAMARÃO_CATIVEIRO_M
CAMARÃO,1137,1137@1017,CAMARÃO_CATIVEIRO_P
CAMARÃO,1139,1139@1014,CAMARÃO_ROSA_G
CAMARÃO,1139,1139@1018,CAMARÃO_ROSA_M
CAMARÃO,1139,1139@1017,CAMARÃO_ROSA_P
CORVINA,1162,1162@1014,CORVINA_ÁGUA_SALGADA_G
CORVINA,1162,1162@1018,CORVINA_ÁGUA_SALGADA_M
CORVINA,1162,1162@1017,CORVINA_ÁGUA_SALGADA_P
FILE DE TILAPIA,1167,1167@,FILE_DE_TILAPIA_N/A_N/A
GALO,1171,1171@,GALO_N/A_N/A
LULA,1185,1185@1014,LULA_N/A_G
LULA,1185,1185@1018,LULA_N/A_M
LULA,1185,1185@1017,LULA_N/A_P
MANJUBA,1189,1189@,MANJUBA_N/A_N/A
MISTURA DE PEIXES,1198,1198@,MISTURA_DE_PEIXES_N/A_N/A
PEIXE-CABRA,1120,1120@,PEIXE-CABRA_N/A_N/A
PEROA (PORQUINHO),1212,1212@,PEROA_(PORQUINHO)_N/A_N/A
PESCADA,1217,1217@1014,PESCADA_GOETE_G
PESCADA,1217,1217@1018,PESCADA_GOETE_M
PESCADA,1217,1217@1017,PESCADA_GOETE_P
PESCADA,1223,1223@1014,PESCADA_MARIA-MOLE_G
PESCADA,1223,1223@1018,PESCADA_MARIA-MOLE_M
PESCADA,1223,1223@1017,PESCADA_MARIA-MOLE_P
TAINHA,1258,1258@1014,TAINHA_N/A_G
TAINHA,1258,1258@1018,TAINHA_N/A_M
TAINHA,1258,1258@1017,TAINHA_N/A_P
TAMBAQUI,1253,1253@,TAMBAQUI_N/A_N/A
TILÁPIA,1260,1260@,TILÁPIA_N/A_N/A
TRILHA,1263,1263@,TRILHA_N/A_N/A
TRUTA,1264,1264@,TRUTA_N/A_N/A
ABACATE,1,1@193,ABACATE_AVOCADO/HASS/FUERTE_A
ABACATE,2,2@928,ABACATE_BREDA_BOCA_08_A_11
ABACATE,2,2@444,ABACATE_BREDA_BOCA_12_A_15
ABACATE,7,7@928,ABACATE_MARGARIDA_BOCA_08_A_11
ABACATE,7,7@444,ABACATE_MARGARIDA_BOCA_12_A_15
AMEIXA,22,22@,AMEIXA_ESPANHOLA_IMPORTADA_N/A
AMEIXA,27,27@349,AMEIXA_FLA_CALIBRE_4
AMEIXA,27,27@262,AMEIXA_FLA_CALIBRE_3
AMEIXA,27,27@261,AMEIXA_FLA_CALIBRE_2
AMEIXA,36,36@,AMEIXA_SECA_IMPORTADA_N/A
AMÊNDOA,37,37@,AMÊNDOA_IMPORTADA_N/A
BANANA,42,42@247,BANANA_MAÇÃ_SEGUNDA
CACAU,265,265@,CACAU_N/A_N/A
CUPUAÇU,52,52@,CUPUAÇU_N/A_N/A
GRANADILLA,79,79@,GRANADILLA_N/A_N/A
JAMBO,86,86@,JAMBO_N/A_N/A
KIWI,267,267@267,KIWI_CHILENO_IMPORTADO_60_A_80_FRUTOS
KIWI,271,271@272,KIWI_GOLD_NZL_IMPORTADO_44_A_48_FRUTOS
KIWI,92,92@89,KIWI_GREEN_NZL_IMPORTADO_65_A_78_FRUTOS
KIWI,90,90@,KIWI_IMPORTADO_N/A
LARANJA,93,93@,LARANJA_BAIA_IMPORTADA_N/A
LIMÃO,102,102@,LIMÃO_SICILIANO_IMPORTADO_N/A
MAÇÃ,108,108@107,MAÇÃ_GALA_IMPORTADA_80_A_110_FRUTOS
MAÇÃ,108,108@165,MAÇÃ_GALA_IMPORTADA_120_A_150_FRUTOS
MAÇÃ,110,110@107,MAÇÃ_GRANNY_SMITH_IMPORTADA_80_A_110_FRUTOS
MAÇÃ,110,110@165,MAÇÃ_GRANNY_SMITH_IMPORTADA_120_A_150_FRUTOS
MAÇÃ,252,252@,MAÇÃ_PINK_LADY_IMPORTADA_N/A
MAÇÃ,111,111@107,MAÇÃ_RED_IMPORTADA_80_A_110_FRUTOS
MAÇÃ,111,111@165,MAÇÃ_RED_IMPORTADA_120_A_150_FRUTOS
MANGA,125,125@193,MANGA_ESPADA_A
MANGA,277,277@,MANGA_LOLITA_N/A
MANGA,130,130@199,MANGA_ROSA_B
MANGA,130,130@205,MANGA_ROSA_C
MORANGO,149,149@403,MORANGO_COMUM_4_CUMB/_1_CAM
NECTARINA,161,161@1065,NECTARINA_N/A_4A_POR_CALIBRE
NECTARINA,156,156@269,NECTARINA_ESPANHOLA_IMPORTADA_48_A_56_FRUTOS
NÊSPERA,162,162@1045,NÊSPERA_N/A_CUMBUCA
NOZES,163,163@,NOZES_IMPORTADA_N/A
PERA,165,165@107,PERA_DANJOU_IMPORTADA_80_A_110_FRUTOS
PERA,165,165@165,PERA_DANJOU_IMPORTADA_120_A_150_FRUTOS
PERA,254,254@,PERA_ERCOLINI_IMPORTADA_N/A
PERA,253,253@,PERA_FORELLI_IMPORTADA_N/A
PERA,166,166@,PERA_HOSUI_IMPORTADA_N/A
PERA,167,167@116,PERA_PACKHAMS_TRUMPH_IMPORTADA_80_A_100_FRUTOS
PERA,167,167@165,PERA_PACKHAMS_TRUMPH_IMPORTADA_120_A_150_FRUTOS
PERA,168,168@168,PERA_ROCHA_IMPORTADA_50_A_60_FRUTOS
PERA,168,168@925,PERA_ROCHA_IMPORTADA_A_GRANEL
PERA,170,170@116,PERA_WILLIAMS_IMPORTADA_80_A_100_FRUTOS
PERA,170,170@165,PERA_WILLIAMS_IMPORTADA_120_A_150_FRUTOS
PÊSSEGO,177,177@269,PÊSSEGO_ESPANHOL_IMPORTADO_48_A_56_FRUTOS
PÊSSEGO,194,194@349,PÊSSEGO_KAMPAI_CALIBRE_4
PÊSSEGO,206,206@349,PÊSSEGO_RUBIMEL_CALIBRE_4
PÊSSEGO,204,204@349,PÊSSEGO_TROPIC_BEAUTY_CALIBRE_4
PÊSSEGO,204,204@262,PÊSSEGO_TROPIC_BEAUTY_CALIBRE_3
PÊSSEGO,204,204@261,PÊSSEGO_TROPIC_BEAUTY_CALIBRE_2
QUINCAM,213,213@,QUINCAM_N/A_N/A
SAPOTI,216,216@,SAPOTI_N/A_N/A
TÂMARA,218,218@,TÂMARA_IMPORTADA_N/A
TAMARINDO,220,220@,TAMARINDO_N/A_N/A
TANGERINA,222,222@144,TANGERINA_DECOPOM_07_A_08_FRUTOS
TANGERINA,222,222@222,TANGERINA_DECOPOM_09_A_10_FRUTOS
TANGERINA,222,222@221,TANGERINA_DECOPOM_11_A_12_FRUTOS
TANGERINA,258,258@,TANGERINA_IMPORTADA_N/A
TANGERINA,174,174@1069,TANGERINA_OLE_03_A_04_DZ
TANGERINA,174,174@1075,TANGERINA_OLE_05_A_06_DZ
TANGERINA,174,174@886,TANGERINA_OLE_08_A_10_DZ
TANGERINA,224,224@1077,TANGERINA_PONCÃ_02_A_04_DZ
TANGERINA,224,224@1078,TANGERINA_PONCÃ_05_A_07_DZ
TANGERINA,224,224@886,TANGERINA_PONCÃ_08_A_10_DZ
UVA,234,234@,UVA_ISABEL_N/A
UVA,245,245@,UVA_PASSA_IMPORTADA_N/A
UVA,229,229@193,UVA_RED_GLOBE_IMPORTADA_A
UVA,229,229@199,UVA_RED_GLOBE_IMPORTADA_B
UVA,239,239@193,UVA_RUBI_A
ALCACHOFRA,407,407@998,ALCACHOFRA_N/A_TIPO_7_A_12
ALCACHOFRA,407,407@981,ALCACHOFRA_N/A_TIPO_14_A_16
ALCACHOFRA,407,407@1012,ALCACHOFRA_N/A_TIPO_18_A_30
ALCACHOFRA,476,476@,ALCACHOFRA_PARA_CONSERVA_N/A
FEIJÃO-DE-CORDA,435,435@,FEIJÃO-DE-CORDA_N/A_N/A
PEPINO,447,447@873,PEPINO_PARA_CONSERVA_2A
PIMENTA,450,450@873,PIMENTA_VERDE_2A
TAQUENOCO,457,457@,TAQUENOCO_N/A_N/A
TOMATE,475,475@874,TOMATE_RASTEIRO_3A
TOMATE,475,475@873,TOMATE_RASTEIRO_2A
TOMATE,475,475@872,TOMATE_RASTEIRO_1A
UME,465,465@,UME_N/A_N/A
ALFACE,606,606@1016,ALFACE_CRESPA_24_UNIDADES
ARRUDA,617,617@,ARRUDA_N/A_N/A
ENDÍVIAS,634,634@,ENDÍVIAS_N/A_N/A
RÚCULA,660,660@638,RÚCULA_N/A_15_UNIDADES
ALHO,803,803@439,ALHO_CHINES_IMPORTADO_TIPO_7
AMENDOIM,809,809@,AMENDOIM_COM_CASCA_N/A
AMENDOIM,810,810@,AMENDOIM_SEM_CASCA_N/A
MILHO DE PIPOCA,832,832@,MILHO_DE_PIPOCA_IMPORTADO_N/A
ANCHOVAS,1102,1102@,ANCHOVAS_N/A_N/A
BAGRE,1111,1111@,BAGRE_ÁGUA_SALGADA_N/A
CHIOVA,1156,1156@,CHIOVA_N/A_N/A
ESPADA,1168,1168@1014,ESPADA_N/A_G
ESPADA,1168,1168@1018,ESPADA_N/A_M
ESPADA,1168,1168@1017,ESPADA_N/A_P
GORDINHO,1174,1174@,GORDINHO_N/A_N/A
LINGUADO,1183,1183@1014,LINGUADO_N/A_G
LINGUADO,1183,1183@1018,LINGUADO_N/A_M
LINGUADO,1183,1183@1017,LINGUADO_N/A_P
PESCADA,1213,1213@,PESCADA_AMARELA_N/A
PESCADA,1214,1214@,PESCADA_BICUDA_N/A
PESCADA,1215,1215@1014,PESCADA_BRANCA_G
PESCADA,1215,1215@1018,PESCADA_BRANCA_M
PESCADA,1215,1215@1017,PESCADA_BRANCA_P
ROBALO,1239,1239@,ROBALO_N/A_N/A
SARDINHA,1248,1248@,SARDINHA_FRESCA_N/A
TRAÍRA,1262,1262@,TRAÍRA_N/A_N/A
XARÉU,1268,1268@,XARÉU_N/A_N/A
ABACATE,9,9@441,ABACATE_OURO_VERDE_A_BOCA_8_A_10
ABACATE,9,9@442,ABACATE_OURO_VERDE_B_BOCA_11_E_12
ABACATE,11,11@928,ABACATE_QUINTAL_BOCA_08_A_11
ABACATE,11,11@444,ABACATE_QUINTAL_BOCA_12_A_15
MANGA,123,123@,MANGA_BOURBON_N/A
NECTARINA,161,161@1064,NECTARINA_N/A_3A_POR_CALIBRE
NECTARINA,161,161@1063,NECTARINA_N/A_2A_POR_CALIBRE
PÊSSEGO,194,194@262,PÊSSEGO_KAMPAI_CALIBRE_3
PÊSSEGO,194,194@261,PÊSSEGO_KAMPAI_CALIBRE_2
PÊSSEGO,206,206@262,PÊSSEGO_RUBIMEL_CALIBRE_3
PÊSSEGO,206,206@261,PÊSSEGO_RUBIMEL_CALIBRE_2
CICLÂMEN,986,986@,CICLÂMEN_N/A_N/A
COPO-DE-LEITE,914,914@,COPO-DE-LEITE_N/A_N/A
MINI SUCULENTA,1003,1003@,MINI_SUCULENTA_N/A_N/A
SAMAMBAIA,975,975@,SAMAMBAIA_10_N/A
TULIPA,1008,1008@,TULIPA_VASO_N/A
ATUM,1104,1104@1014,ATUM_N/A_G
BONITO,1119,1119@,BONITO_N/A_N/A
CAÇÃO,1128,1128@,CAÇÃO_AZUL_N/A
CAMARÃO,1133,1133@,CAMARÃO_SETE_BARBAS_N/A
CARANGUEJO,1145,1145@,CARANGUEJO_N/A_N/A
CAVALINHA,1153,1153@,CAVALINHA_N/A_N/A
CORVINA,1161,1161@,CORVINA_ÁGUA_DOCE_N/A
MANDI,1186,1186@,MANDI_N/A_N/A
MECA,1193,1193@,MECA_N/A_N/A
MISTURA,1198,1198@,MISTURA_ÁGUA_SALGADA_N/A
SALMÃO,1242,1242@,SALMÃO_IMPORTADO_CHILE_N/A
SARDINHA,1247,1247@,SARDINHA_CONGELADA_N/A
BANANA,51,51@247,BANANA_TERRA_SEGUNDA
GRAPE-FRUIT,212,212@,GRAPE-FRUIT_IMP._N/A
KIWI,90,90@267,KIWI_IMP._60_A_80_FRUTOS
KIWI,399,399@,KIWI_IMP._GRÉCIA_N/A
NOZES,163,163@,NOZES_IMP._N/A
UVA,229,229@193,UVA_RED_GLOBE_IMP._A
UVA,229,229@199,UVA_RED_GLOBE_IMP._B
UVA,273,273@,UVA_VERMELHA_SEM_SEMENTE_N/A
LENKON,466,466@,LENKON_N/A_N/A
OVEVA,1204,1204@,OVEVA_N/A_N/A
PESCADA,1216,1216@1014,PESCADA_CUMBUCU_G
PESCADA,1216,1216@1018,PESCADA_CUMBUCU_M
PESCADA,1216,1216@1017,PESCADA_CUMBUCU_P
FIGO,73,73@193,FIGO_DA_ÍNDIA_A
GRANADILLA,nan,,GRANADILLA_IMPORTADA_COLÔMBIA_N/A
KIWI,nan,,KIWI_CHILENO_IMPORTADO_60_A_80_FRUTOS
KIWI,nan,,KIWI_GOLD_NZL_IMPORTADO_44_A_48_FRUTOS
KIWI,nan,,KIWI_GREEN_NZL_IMPORTADO_65_A_78_FRUTOS
KIWI,nan,,KIWI_IMPORTADO_N/A
LARANJA,nan,,LARANJA_BAIA_IMPORTADA_N/A
LIMÃO,nan,,LIMÃO_SICILIANO_IMPORTADO_N/A
MAÇÃ,nan,,MAÇÃ_FUJI_IMPORTADA_80_A_110_FRUTOS
MAÇÃ,nan,,MAÇÃ_FUJI_IMPORTADA_120_A_150_FRUTOS
MAÇÃ,nan,,MAÇÃ_GALA_IMPORTADA_120_A_150_FRUTOS
MAÇÃ,nan,,MAÇÃ_GALA_IMPORTADA_80_A_110_FRUTOS
MAÇÃ,nan,,MAÇÃ_GRANNY_SMITH_IMPORTADA_120_A_150_FRUTOS
MAÇÃ,nan,,MAÇÃ_GRANNY_SMITH_IMPORTADA_80_A_110_FRUTOS
MAÇÃ,nan,,MAÇÃ_PINK_LADY_IMPORTADA_N/A
MAÇÃ,nan,,MAÇÃ_RED_IMPORTADA_120_A_150_FRUTOS
MAÇÃ,nan,,MAÇÃ_RED_IMPORTADA_80_A_110_FRUTOS
NECTARINA,nan,,NECTARINA_ESPANHOLA_IMPORTADA_48_A_56_FRUTOS
PERA,nan,,PERA_DANJOU_IMPORTADA_120_A_150_FRUTOS
PERA,nan,,PERA_DANJOU_IMPORTADA_80_A_110_FRUTOS
PERA,nan,,PERA_ERCOLINI_IMPORTADA_N/A
PERA,nan,,PERA_FORELLI_IMPORTADA_N/A
PERA,nan,,PERA_HOSUI_IMPORTADA_N/A
PERA,nan,,PERA_PACKHAMS_TRUMPH_IMPORTADA_120_A_150_FRUTOS
PERA,nan,,PERA_PACKHAMS_TRUMPH_IMPORTADA_80_A_100_FRUTOS
PERA,nan,,PERA_ROCHA_IMPORTADA_A_GRANEL
PERA,nan,,PERA_ROCHA_IMPORTADA_50_A_60_FRUTOS
PERA,nan,,PERA_WILLIAMS_IMPORTADA_120_A_150_FRUTOS
PERA,nan,,PERA_WILLIAMS_IMPORTADA_80_A_100_FRUTOS
PÊSSEGO,nan,,PÊSSEGO_ESPANHOL_IMPORTADO_48_A_56_FRUTOS
TÂMARA,nan,,TÂMARA_IMPORTADA_N/A
UVA,nan,,UVA_PASSA_IMPORTADA_N/A
UVA,272,272@,UVA_PRETA_SEM_SEMENTE_N/A
UVA,nan,,UVA_RED_GLOBE_IMPORTADA_B
UVA,nan,,UVA_RED_GLOBE_IMPORTADA_A
MILHO DE PIPOCA,nan,,MILHO_DE_PIPOCA_IMPORTADO_N/A
ANTÚRIO,1006,1006@181,ANTÚRIO_PCT_MÉDIO
CALLAS,1000,1000@,CALLAS_N/A_N/A
ESTATICE,939,939@,ESTATICE_N/A_N/A
ESTRELÍCIA,983,983@217,ESTRELÍCIA_N/A_CABO_MÉDIO
IMPATINS,955,955@,IMPATINS_N/A_N/A
TULIPA,928,928@,TULIPA_CORTE_N/A
ANCHOVA,1102,1102@,ANCHOVA_N/A_N/A
ATUM,1104,1104@1017,ATUM_N/A_P
CAMARÃO,1138,1138@,CAMARÃO_PITU_(LAGOSTIN)_N/A
CÔNGRIO ROSA,1160,1160@,CÔNGRIO_ROSA_N/A_N/A
CURIMBA,1163,1163@,CURIMBA_N/A_N/A
DOURADO,1166,1166@,DOURADO_ÁGUA_SALGADA_N/A
FILE DE MERLUZA,1169,1169@,FILE_DE_MERLUZA_N/A_N/A
LAMBARI,1182,1182@,LAMBARI_N/A_N/A
MISTURA,1197,1197@,MISTURA_ÁGUA_DOCE_N/A
NAMORADO,1199,1199@1014,NAMORADO_N/A_G
NAMORADO,1199,1199@1018,NAMORADO_N/A_M
OLHO-DE-CÃO,1202,1202@,OLHO-DE-CÃO_N/A_N/A
PEIXE-CARÁ,1144,1144@,PEIXE-CARÁ_N/A_N/A
PIAU,1228,1228@,PIAU_N/A_N/A
PINTADO,1229,1229@,PINTADO_N/A_N/A
POLVO,1234,1234@1014,POLVO_N/A_G
POLVO,1234,1234@1018,POLVO_N/A_M
POLVO,1234,1234@1017,POLVO_N/A_P
PREGO,1236,1236@,PREGO_N/A_N/A
RONCADOR,1240,1240@,RONCADOR_N/A_N/A
SALMÃO,nan,,SALMÃO_IMPORTADO_CHILE_N/A
SIRI,1254,1254@,SIRI_N/A_N/A
AMEIXA,22,22@,AMEIXA_IMP._ESPANHA_N/A
CAQUI,59,59@,CAQUI_ROXO_IMP._ESPANHA_N/A
DAMASCO,69,69@,DAMASCO_IMP._N/A
LICHIA,100,100@1045,LICHIA_N/A_CUMBUCA
MANGA,124,124@,MANGA_COQUINHO_N/A
MANGA,125,125@199,MANGA_ESPADA_B
MANGA,125,125@205,MANGA_ESPADA_C
MANGA,275,275@,MANGA_SHELLY_N/A
MANGA,132,132@193,MANGA_VAN_DICK_A
MANGA,132,132@199,MANGA_VAN_DICK_B
MANGA,132,132@205,MANGA_VAN_DICK_C
MANGOSTIM,134,134@,MANGOSTIM_N/A_N/A
MELÃO,264,264@,MELÃO_POLPA_BRANCA_MATISSE_N/A
PERA,167,167@116,PERA_PACKHAMS_TRIUMPH_IMP._80_A_100_FRUTOS
PERA,167,167@165,PERA_PACKHAMS_TRIUMPH_IMP._120_A_150_FRUTOS
PÊSSEGO,184,184@349,PÊSSEGO_AURORA_CALIBRE_4
PÊSSEGO,184,184@262,PÊSSEGO_AURORA_CALIBRE_3
PÊSSEGO,184,184@261,PÊSSEGO_AURORA_CALIBRE_2
PÊSSEGO,187,187@349,PÊSSEGO_CHIMARRITA_CALIBRE_4
PÊSSEGO,187,187@262,PÊSSEGO_CHIMARRITA_CALIBRE_3
PÊSSEGO,187,187@261,PÊSSEGO_CHIMARRITA_CALIBRE_2
PÊSSEGO,191,191@349,PÊSSEGO_DOURADO_CALIBRE_4
PÊSSEGO,191,191@262,PÊSSEGO_DOURADO_CALIBRE_3
PÊSSEGO,191,191@261,PÊSSEGO_DOURADO_CALIBRE_2
PÊSSEGO,198,198@349,PÊSSEGO_FASCÍNIO_CALIBRE_4
PÊSSEGO,198,198@262,PÊSSEGO_FASCÍNIO_CALIBRE_3
PÊSSEGO,198,198@261,PÊSSEGO_FASCÍNIO_CALIBRE_2
UVA,176,176@,UVA_NACIONAL_N/A
CENOURA COM FOLHAS,628,628@619,CENOURA_COM_FOLHAS_N/A_08_MAÇOS
GUAIVIRA,1255,1255@,GUAIVIRA_N/A_N/A
AMÊNDOA,37,37@,AMÊNDOA_IMP._N/A
AVELÃ,40,40@,AVELÃ_IMP._N/A
CASTANHA,61,61@,CASTANHA_IMP._PORTUGAL_N/A
CASTANHA,246,246@,CASTANHA_PORTUGUESA_NACIONAL_N/A
FIGO,73,73@199,FIGO_DA_ÍNDIA_B
MANGA,128,128@193,MANGA_OURO_A
MANGA,128,128@199,MANGA_OURO_B
MANGA,128,128@205,MANGA_OURO_C
MANGA,276,276@,MANGA_TINFAN_N/A
MEXERICA,146,146@,MEXERICA_MANDARINA_IMP._N/A
CEBOLA,821,821@1028,CEBOLA_IMP._CAIXA_4
CEBOLA,818,818@1027,CEBOLA_IMP._ARGENTINA_CAIXA_3
CEBOLA,818,818@1029,CEBOLA_IMP._ARGENTINA_CAIXA_2
CEBOLA,871,871@1027,CEBOLA_IMP._ESPANHA_CAIXA_3
AGAPANTO,900,900@,AGAPANTO_N/A_N/A
TUIA,979,979@,TUIA_(ARVORE_DE_NATAL)_N/A
OLHETE,1200,1200@,OLHETE_N/A_N/A
PARGO,1210,1210@1014,PARGO_N/A_G
PARGO,1210,1210@1018,PARGO_N/A_M
PARGO,1210,1210@1017,PARGO_N/A_P
SARDINHA,1249,1249@,SARDINHA_LAGES_N/A
ABACATE,3,3@928,ABACATE_FORTUNA_BOCA_08_A_11
ABACATE,3,3@444,ABACATE_FORTUNA_BOCA_12_A_15
AMEIXA,251,251@,AMEIXA_IMP._ARGENTINA_N/A
BANANA,45,45@247,BANANA_OURO_VERDE_SEGUNDA
CAQUI,55,55@56,CAQUI_FUYU_18_A_24_FRUTOS
CAQUI,55,55@57,CAQUI_FUYU_26_A_34_FRUTOS
CAQUI,55,55@58,CAQUI_FUYU_36_A_40_FRUTOS
TANGERINA,258,258@,TANGERINA_IMP._N/A
BERBIGÃO,1116,1116@,BERBIGÃO_LIMPO_N/A
MEXILHÃO,1195,1195@,MEXILHÃO_LIMPO_N/A
OSTRA,1203,1203@,OSTRA_N/A_N/A
SALMÃO,1242,1242@,SALMÃO_IMP._CHILE_N/A
EMBU,70,70@,EMBU_N/A_N/A
BATATA-DOCE,408,408@873,BATATA-DOCE_AMARELA_2A
BATATA-DOCE,408,408@872,BATATA-DOCE_AMARELA_1A
BATATA-DOCE,408,408@1014,BATATA-DOCE_AMARELA_G
PETÚNIA,993,993@,PETÚNIA_N/A_N/A
KIWI,271,271@272,KIWI_GOLD_IMP._NOVA_ZELÂNDIA_44_A_48_FRUTOS
KIWI,nan,,KIWI_IMP._N/A
KIWI,92,92@89,KIWI_IMP._NOVA_ZELÂNDIA_65_A_78_FRUTOS
MAÇÃ,252,252@,MAÇÃ_PINK_LADY_IMP._N/A
PÊSSEGO,177,177@269,PÊSSEGO_IMP._ESPANHA_48_A_56_FRUTOS
ALHO,803,803@439,ALHO_IMP._CHINA_TIPO_7
PACU,1205,1205@,PACU_N/A_N/A
SOROROCA,1256,1256@,SOROROCA_N/A_N/A
FIGO,75,75@,FIGO_SECO_IMP._N/A
PÊSSEGO,205,205@349,PÊSSEGO_XIRIPA_CALIBRE_4
PÊSSEGO,205,205@262,PÊSSEGO_XIRIPA_CALIBRE_3
PÊSSEGO,205,205@261,PÊSSEGO_XIRIPA_CALIBRE_2
CAQUI,59,59@,CAQUI_IMP._ESPANHA_N/A
CEBOLA,821,821@1027,CEBOLA_IMP._CAIXA_3
CEBOLA,821,821@1029,CEBOLA_IMP._CAIXA_2
BETERRABA COM FOLHAS,619,619@618,BETERRABA_COM_FOLHAS_N/A_10_MAÇOS
COGUMELO,425,425@,COGUMELO_DIVERSOS_N/A
ABRÓTEA,1100,1100@1014,ABRÓTEA_N/A_G
ABRÓTEA,1100,1100@1018,ABRÓTEA_N/A_M
ABRÓTEA,1100,1100@1017,ABRÓTEA_N/A_P
PARU,1211,1211@,PARU_N/A_N/A
ABIU,15,15@,ABIU_N/A_N/A
PERA,169,169@116,PERA_RED_BARTLETT_IMP._80_A_100_FRUTOS
PERA,169,169@165,PERA_RED_BARTLETT_IMP._120_A_150_FRUTOS
UVA,242,242@199,UVA_BENITAKA_B
UVA,243,243@199,UVA_ITÁLIA_B
ATUM,1104,1104@1018,ATUM_N/A_M
CAVALA,1154,1154@,CAVALA_N/A_N/A
CROASSU,1170,1170@,CROASSU_N/A_N/A
PESCADA,1226,1226@,PESCADA_TORTINHA_N/A
UVA,231,231@,UVA_THOMPSON_IMP._N/A
SEMPRE-VIVA,977,977@,SEMPRE-VIVA_N/A_N/A
CAQUI,56,56@951,CAQUI_GIOMBO_EXTRA_5A_/_6A
CAQUI,56,56@950,CAQUI_GIOMBO_EXTRA_3A_/_4A
CAQUI,56,56@949,CAQUI_GIOMBO_EXTRA_1A/2A
LONGAN,113,113@,LONGAN_N/A_N/A
UVA,250,250@,UVA_IMPERIAL_IMP._N/A
ALFACE,676,676@1015,ALFACE_ROXA_18_UNIDADES
BRANQUINHA,910,910@,BRANQUINHA_N/A_N/A
MELÃO,143,143@,MELÃO_NET_MELON_N/A
PANGASIUS,1220,1220@,PANGASIUS_N/A_N/A
LICHIA,100,100@940,LICHIA_N/A_COM_RAMO
PERA,278,278@308,PERA_HOSUI_NACIONAL_12/15_FRUTOS
CASTANHA,62,62@,CASTANHA_IMP._N/A
PÊSSEGO,196,196@349,PÊSSEGO_NACIONAL_CALIBRE_4
PÊSSEGO,196,196@262,PÊSSEGO_NACIONAL_CALIBRE_3
PÊSSEGO,196,196@261,PÊSSEGO_NACIONAL_CALIBRE_2
UVA,232,232@199,UVA_BRASIL_B
UVA,239,239@199,UVA_RUBI_B
